,id,label,description,instance,employees,TwitterUser,SocialMediaFollowers,Revenue
0,,,,,,,,
1,,,,,,,,
2,,,,,,,,
3,,,,,,,,
4,,,,,,,,
5,,,,,,,,
6,,,,,,,,
7,,,,,,,,
8,,,,,,,,
9,Q157808,Technical University of Munich,public research university in Germany,institute of technology,+9595,TU_Muenchen,+33505,
10,,,,,,,,
11,,,,,,,,
12,Q466688,Otto Group,German mail order company,concern,+49787,otto_de,+33575,+500000
13,Q573975,"Bauhaus University, Weimar",university,public university,,bauhaus_uni,+4857,
14,,,,,,,,
15,Q40025,University of Erlangen-Nuremberg,"public research university in the cities of Erlangen and Nuremberg in Bavaria, Germany",public research university,,UniFAU,+8271,
16,,,,,,,,
17,,,,,,,,
18,,,,,,,,
19,Q27530,Daimler AG,German automotive manufacturer,automobile manufacturer,+274616,Daimler,+69798,+149467000000
20,,,,,,,,
21,Q153978,University of Tübingen,"public research university located in the city of Tübingen, Baden-Württemberg, Germany",public research university,,uni_tue,+15199,
22,,,,,,,,
23,Q101262627,Goethe-Universität Frankfurt am Main Fachbereich 14 Biochemie Chemie und Pharmazie,academic department,academic department,,,,
24,Q129195,Technische Universität Ilmenau,university,public university,,,,
25,,,,,,,,
26,Q40025,University of Erlangen-Nuremberg,"public research university in the cities of Erlangen and Nuremberg in Bavaria, Germany",public research university,,UniFAU,+8271,
27,Q310695,Technische Universität Darmstadt,university,public university,,TUDarmstadt,+8763,
28,Q101839231,Universität zu Lübeck Sektion Medizin,medical school,medical school,,,,
29,Q81230,Siemens,German multinational conglomerate,business,+370000,Siemens,+235000,+75636000000
30,Q81230,Siemens,German multinational conglomerate,business,+370000,Siemens,+235000,+75636000000
31,,,,,,,,
32,,,,,,,,
33,,,,,,,,
34,,,,,,,,
35,,,,,,,,
36,,,,,,,,
37,Q40025,University of Erlangen-Nuremberg,"public research university in the cities of Erlangen and Nuremberg in Bavaria, Germany",public research university,,UniFAU,+8271,
38,Q40025,University of Erlangen-Nuremberg,"public research university in the cities of Erlangen and Nuremberg in Bavaria, Germany",public research university,,UniFAU,+8271,
39,Q685557,TU Dortmund,university in Dortmund,institute of technology,,TU_Dortmund,+13599,
40,,,,,,,,
41,,,,,,,,
42,,,,,,,,
43,Q685557,TU Dortmund,university in Dortmund,institute of technology,,TU_Dortmund,+13599,
44,,,,,,,,
45,,,,,,,,
46,,,,,,,,
47,,,,,,,,
48,Q2555152,Weidmüller,,business,,,,
49,,,,,,,,
50,Q101839231,Universität zu Lübeck Sektion Medizin,medical school,medical school,,,,
51,,,,,,,,
52,,,,,,,,
53,Q40025,University of Erlangen-Nuremberg,"public research university in the cities of Erlangen and Nuremberg in Bavaria, Germany",public research university,,UniFAU,+8271,
54,,,,,,,,
55,,,,,,,,
56,,,,,,,,
57,,,,,,,,
58,Q573975,"Bauhaus University, Weimar",university,public university,,bauhaus_uni,+4857,
59,,,,,,,,
60,Q797059,BTC AG,company,business,,,,
61,,,,,,,,
62,Q101834003,Universität Duisburg-Essen Medizinische Fakultät,medical school,medical school,,,,
63,,,,,,,,
64,,,,,,,,
65,Q797059,BTC AG,company,business,,,,
66,Q2401561,Telefónica Deutschland,German telecommunications company,Aktiengesellschaft,,,,
67,,,,,,,,
68,,,,,,,,
69,,,,,,,,
70,,,,,,,,
71,Q40025,University of Erlangen-Nuremberg,"public research university in the cities of Erlangen and Nuremberg in Bavaria, Germany",public research university,,UniFAU,+8271,
72,,,,,,,,
73,Q310695,Technische Universität Darmstadt,university,public university,,TUDarmstadt,+8763,
74,Q310695,Technische Universität Darmstadt,university,public university,,TUDarmstadt,+8763,
75,,,,,,,,
76,,,,,,,,
77,,,,,,,,
78,,,,,,,,
79,Q157808,Technical University of Munich,public research university in Germany,institute of technology,+9595,TU_Muenchen,+33505,
80,,,,,,,,
81,,,,,,,,
82,,,,,,,,
83,,,,,,,,
84,Q310695,Technische Universität Darmstadt,university,public university,,TUDarmstadt,+8763,
85,,,,,,,,
86,,,,,,,,
87,,,,,,,,
88,,,,,,,,
89,,,,,,,,
90,Q2496408,Universitätsmedizin Göttingen,hospital,university hospital,,,,
91,,,,,,,,
92,,,,,,,,
93,,,,,,,,
94,,,,,,,,
95,,,,,,,,
96,Q101839231,Universität zu Lübeck Sektion Medizin,medical school,medical school,,,,
97,,,,,,,,
98,,,,,,,,
99,,,,,,,,
100,Q154561,University of Jena,"university located in Jena, Thuringia, Germany",public university,+6979,UniJena,+3414,
101,,,,,,,,
102,,,,,,,,
103,,,,,,,,
104,,,,,,,,
105,,,,,,,,
106,,,,,,,,
107,,,,,,,,
108,,,,,,,,
109,,,,,,,,
110,,,,,,,,
111,,,,,,,,
112,,,,,,,,
113,,,,,,,,
114,Q830810,Premium AEROTEC,company,business,+8000,premium_aerotec,,
115,,,,,,,,
116,,,,,,,,
117,,,,,,,,
118,Q129195,Technische Universität Ilmenau,university,public university,,,,
119,Q40025,University of Erlangen-Nuremberg,"public research university in the cities of Erlangen and Nuremberg in Bavaria, Germany",public research university,,UniFAU,+8271,
120,,,,,,,,
121,,,,,,,,
122,,,,,,,,
123,,,,,,,,
124,Q1391181,Bielefeld University of Applied Sciences,second largest education institution in Bielefeld,university of applied sciences,,,,
125,,,,,,,,
126,,,,,,,,
127,,,,,,,,
128,,,,,,,,
129,,,,,,,,
130,,,,,,,,
131,,,,,,,,
132,,,,,,,,
133,,,,,,,,
134,Q156737,University of Kiel,university in Germany,public university,,kieluni,+7569,
135,Q101839231,Universität zu Lübeck Sektion Medizin,medical school,medical school,,,,
136,Q830810,Premium AEROTEC,company,business,+8000,premium_aerotec,,
137,,,,,,,,
138,,,,,,,,
139,,,,,,,,
140,,,,,,,,
141,,,,,,,,
142,,,,,,,,
143,,,,,,,,
144,,,,,,,,
145,,,,,,,,
146,Q101833328,Universität Bayreuth Fakultät 2 Biologie Chemie Geowissenschaften,academic department,academic department,,,,
147,,,,,,,,
148,Q500692,University of Bremen,university in Germany,public university,,unibremen,+8058,
149,,,,,,,,
150,,,,,,,,
151,,,,,,,,
152,,,,,,,,
153,,,,,,,,
154,Q500692,University of Bremen,university in Germany,public university,,unibremen,+8058,
155,,,,,,,,
156,,,,,,,,
157,Q1622105,Hochschule Harz,university,public university,,hs_harz,+1948,
158,,,,,,,,
159,,,,,,,,
160,,,,,,,,
161,Q40025,University of Erlangen-Nuremberg,"public research university in the cities of Erlangen and Nuremberg in Bavaria, Germany",public research university,,UniFAU,+8271,
162,Q101835971,Universität Rostock Historisches Institut,research institute,research institute,,,,
163,,,,,,,,
164,,,,,,,,
165,,,,,,,,
166,Q30284737,Deutschen Institute für Textil und Faserforschung,"facility in Denkendorf, Germany",facility,,,,
167,,,,,,,,
168,Q161976,University of Würzburg,university in Germany,public university,,,,
169,,,,,,,,
170,,,,,,,,
171,,,,,,,,
172,,,,,,,,
173,,,,,,,,
174,,,,,,,,
175,,,,,,,,
176,,,,,,,,
177,Q47513975,BMW Group Plant Spartanburg,,BMW-fabriek,,,,
178,,,,,,,,
179,,,,,,,,
180,,,,,,,,
181,,,,,,,,
182,,,,,,,,
183,,,,,,,,
184,,,,,,,,
185,,,,,,,,
186,,,,,,,,
187,,,,,,,,
188,,,,,,,,
189,,,,,,,,
190,,,,,,,,
191,Q157617,Commerzbank,major commercial bank,bank,+49417,commerzbank,+15936,
192,,,,,,,,
193,,,,,,,,
194,,,,,,,,
195,,,,,,,,
196,,,,,,,,
197,,,,,,,,
198,Q30315635,Twyla,female given name,female given name,,,,
199,,,,,,,,
200,,,,,,,,
201,,,,,,,,
202,,,,,,,,
203,,,,,,,,
204,,,,,,,,
205,,,,,,,,
206,,,,,,,,
207,Q40025,University of Erlangen-Nuremberg,"public research university in the cities of Erlangen and Nuremberg in Bavaria, Germany",public research university,,UniFAU,+8271,
208,,,,,,,,
209,,,,,,,,
210,,,,,,,,
211,Q101380903,Otto-von-Guericke-Universität Magdeburg Medizinische Fakultät,medical school,medical school,,,,
212,,,,,,,,
213,,,,,,,,
214,Q40025,University of Erlangen-Nuremberg,"public research university in the cities of Erlangen and Nuremberg in Bavaria, Germany",public research university,,UniFAU,+8271,
215,,,,,,,,
216,,,,,,,,
217,,,,,,,,
218,,,,,,,,
219,,,,,,,,
220,,,,,,,,
221,,,,,,,,
222,,,,,,,,
223,,,,,,,,
224,Q157808,Technical University of Munich,public research university in Germany,institute of technology,+9595,TU_Muenchen,+33505,
225,Q40025,University of Erlangen-Nuremberg,"public research university in the cities of Erlangen and Nuremberg in Bavaria, Germany",public research university,,UniFAU,+8271,
226,,,,,,,,
227,,,,,,,,
228,,,,,,,,
229,,,,,,,,
230,Q101379797,Otto-Friedrich-Universität Bamberg Institut für Katholische Theologie,research institute,research institute,,,,
231,,,,,,,,
232,Q40025,University of Erlangen-Nuremberg,"public research university in the cities of Erlangen and Nuremberg in Bavaria, Germany",public research university,,UniFAU,+8271,
233,,,,,,,,
234,Q154804,Leipzig University,"university in Leipzig, Germany",public university,+5300,unileipzig,+13359,
235,,,,,,,,
236,,,,,,,,
237,,,,,,,,
238,,,,,,,,
239,,,,,,,,
240,Q2177249,Leverton,"village and civil parish in Boston district of Lincolnshire, England",village,,,,
241,,,,,,,,
242,Q797059,BTC AG,company,business,,,,
243,,,,,,,,
244,,,,,,,,
245,,,,,,,,
246,,,,,,,,
247,,,,,,,,
248,,,,,,,,
249,,,,,,,,
250,,,,,,,,
251,,,,,,,,
252,Q101833288,Universität Augsburg Wirtschaftswissenschaftliche Fakultät,academic department,academic department,,,,
253,Q877058,Sick,German company,business,,SICK_USA,+4795,
254,,,,,,,,
255,,,,,,,,
256,Q101833164,Technische Universität Kaiserslautern Fachbereich Biologie,academic department,academic department,,,,
257,,,,,,,,
258,,,,,,,,
259,,,,,,,,
260,Q161976,University of Würzburg,university in Germany,public university,,,,
261,,,,,,,,
262,,,,,,,,
263,,,,,,,,
264,Q152838,University of Göttingen,"university in the city of Göttingen, Germany",campus university,+12469,unigoettingen,+14798,
265,Q2124721,Innogy,German energy company,energy company,,innogy,+7961,
266,,,,,,,,
267,,,,,,,,
268,Q101426756,Universität Mannheim Lehrstuhl für Allgemeine Betriebswirtschaftslehre und Betriebswirtschaftliche Steuerlehre,business school,business school,,,,
269,,,,,,,,
270,,,,,,,,
271,,,,,,,,
272,,,,,,,,
273,,,,,,,,
274,,,,,,,,
275,Q40025,University of Erlangen-Nuremberg,"public research university in the cities of Erlangen and Nuremberg in Bavaria, Germany",public research university,,UniFAU,+8271,
276,Q2401561,Telefónica Deutschland,German telecommunications company,Aktiengesellschaft,,,,
277,,,,,,,,
278,,,,,,,,
279,,,,,,,,
280,,,,,,,,
281,,,,,,,,
282,,,,,,,,
283,,,,,,,,
284,Q40025,University of Erlangen-Nuremberg,"public research university in the cities of Erlangen and Nuremberg in Bavaria, Germany",public research university,,UniFAU,+8271,
285,,,,,,,,
286,,,,,,,,
287,,,,,,,,
288,,,,,,,,
289,,,,,,,,
290,,,,,,,,
291,,,,,,,,
292,,,,,,,,
293,Q40025,University of Erlangen-Nuremberg,"public research university in the cities of Erlangen and Nuremberg in Bavaria, Germany",public research university,,UniFAU,+8271,
294,,,,,,,,
295,,,,,,,,
296,,,,,,,,
297,,,,,,,,
298,,,,,,,,
299,,,,,,,,
300,,,,,,,,
301,Q50230431,DeepEyes: Progressive Visual Analytics for Designing Deep Neural Networks.,scientific article published on 29 August 2017,scholarly article,,,,
302,,,,,,,,
303,,,,,,,,
304,,,,,,,,
305,,,,,,,,
306,,,,,,,,
307,,,,,,,,
308,,,,,,,,
309,,,,,,,,
310,,,,,,,,
311,,,,,,,,
312,,,,,,,,
313,,,,,,,,
314,,,,,,,,
315,,,,,,,,
316,Q101833288,Universität Augsburg Wirtschaftswissenschaftliche Fakultät,academic department,academic department,,,,
317,,,,,,,,
318,,,,,,,,
319,,,,,,,,
320,,,,,,,,
321,,,,,,,,
322,,,,,,,,
323,Q40025,University of Erlangen-Nuremberg,"public research university in the cities of Erlangen and Nuremberg in Bavaria, Germany",public research university,,UniFAU,+8271,
324,,,,,,,,
325,,,,,,,,
326,,,,,,,,
327,,,,,,,,
328,Q685557,TU Dortmund,university in Dortmund,institute of technology,,TU_Dortmund,+13599,
329,,,,,,,,
330,,,,,,,,
331,Q152171,University of Bonn,"public research university located in Bonn, Germany",public research university,,unibonn,+18780,
332,,,,,,,,
333,,,,,,,,
334,,,,,,,,
335,,,,,,,,
336,Q263537,University of Applied Sciences Rosenheim,school,university of applied sciences,+420,,,
337,,,,,,,,
338,Q154561,University of Jena,"university located in Jena, Thuringia, Germany",public university,+6979,UniJena,+3414,
339,,,,,,,,
340,,,,,,,,
341,Q40025,University of Erlangen-Nuremberg,"public research university in the cities of Erlangen and Nuremberg in Bavaria, Germany",public research university,,UniFAU,+8271,
342,,,,,,,,
343,,,,,,,,
344,,,,,,,,
345,,,,,,,,
346,,,,,,,,
347,Q835440,University of Konstanz,"University in Konstanz, Germany",public university,,unikonstanz,+9784,
348,,,,,,,,
349,,,,,,,,
350,,,,,,,,
351,Q101833288,Universität Augsburg Wirtschaftswissenschaftliche Fakultät,academic department,academic department,,,,
352,,,,,,,,
353,,,,,,,,
354,Q2401561,Telefónica Deutschland,German telecommunications company,Aktiengesellschaft,,,,
355,,,,,,,,
356,,,,,,,,
357,Q40025,University of Erlangen-Nuremberg,"public research university in the cities of Erlangen and Nuremberg in Bavaria, Germany",public research university,,UniFAU,+8271,
358,,,,,,,,
359,Q234021,Robert Bosch GmbH,"German manufacturing company of automotive parts, household appliances, etc.",conglomerate,+400100,BoschGlobal,+253551,+73129000000
360,,,,,,,,
361,,,,,,,,
362,,,,,,,,
363,,,,,,,,
364,,,,,,,,
365,,,,,,,,
366,,,,,,,,
367,,,,,,,,
368,,,,,,,,
369,,,,,,,,
370,,,,,,,,
371,,,,,,,,
372,,,,,,,,
373,Q108294031,Franka Emika GmbH,,business,,,,
374,Q567371,Software AG,German software producer,software company,,SoftwareAG,+34716,
375,Q129195,Technische Universität Ilmenau,university,public university,,,,
376,Q530991,Helmut Schmidt University,University of the German Armed Forces in Hamburg for the academic study of officers,military school,+891,HSUHamburg,+2275,
377,,,,,,,,
378,,,,,,,,
379,Q129195,Technische Universität Ilmenau,university,public university,,,,
380,,,,,,,,
381,,,,,,,,
382,,,,,,,,
383,,,,,,,,
384,,,,,,,,
385,,,,,,,,
386,,,,,,,,
387,,,,,,,,
388,,,,,,,,
389,,,,,,,,
390,,,,,,,,
391,,,,,,,,
392,,,,,,,,
393,,,,,,,,
394,,,,,,,,
395,,,,,,,,
396,,,,,,,,
397,Q101835971,Universität Rostock Historisches Institut,research institute,research institute,,,,
398,,,,,,,,
399,,,,,,,,
400,,,,,,,,
401,Q224514,Hochschule Hannover,German university of applied sciences and arts,university of applied sciences,,,,
402,Q101375785,Leibniz Universität Hannover Institut für Erdmessung,research institute,research institute,,,,
403,,,,,,,,
404,,,,,,,,
405,,,,,,,,
406,Q101381074,Philipps-Universitat Marburg Fachbereich Medizin,medical school,medical school,,,,
407,,,,,,,,
408,,,,,,,,
409,Q129195,Technische Universität Ilmenau,university,public university,,,,
410,Q153987,University of Freiburg,"university in Freiburg im Breisgau, Germany",public university,,UniFreiburg,+4613,
411,,,,,,,,
412,,,,,,,,
413,,,,,,,,
414,Q40025,University of Erlangen-Nuremberg,"public research university in the cities of Erlangen and Nuremberg in Bavaria, Germany",public research university,,UniFAU,+8271,
415,Q101835971,Universität Rostock Historisches Institut,research institute,research institute,,,,
416,,,,,,,,
417,,,,,,,,
418,,,,,,,,
419,,,,,,,,
420,,,,,,,,
421,Q101375785,Leibniz Universität Hannover Institut für Erdmessung,research institute,research institute,,,,
422,,,,,,,,
423,,,,,,,,
424,,,,,,,,
425,,,,,,,,
426,,,,,,,,
427,,,,,,,,
428,,,,,,,,
429,,,,,,,,
430,,,,,,,,
431,,,,,,,,
432,,,,,,,,
433,,,,,,,,
434,,,,,,,,
435,,,,,,,,
436,Q101839231,Universität zu Lübeck Sektion Medizin,medical school,medical school,,,,
437,Q36868872,Candis,family name,family name,,,,
438,,,,,,,,
439,,,,,,,,
440,Q40025,University of Erlangen-Nuremberg,"public research university in the cities of Erlangen and Nuremberg in Bavaria, Germany",public research university,,UniFAU,+8271,
441,,,,,,,,
442,,,,,,,,
443,Q877058,Sick,German company,business,,SICK_USA,+4795,
444,Q152171,University of Bonn,"public research university located in Bonn, Germany",public research university,,unibonn,+18780,
445,,,,,,,,
446,Q1312356,PSI AG,public company,public company,,,,
447,,,,,,,,
448,,,,,,,,
449,Q97382942,Orbica Building,office building in Christchurch,office building,,,,
450,,,,,,,,
451,,,,,,,,
452,,,,,,,,
453,,,,,,,,
454,,,,,,,,
455,,,,,,,,
456,,,,,,,,
457,,,,,,,,
458,,,,,,,,
459,,,,,,,,
460,,,,,,,,
461,Q16865160,Bunch,family name,family name,,,,
462,,,,,,,,
463,,,,,,,,
464,,,,,,,,
465,,,,,,,,
466,,,,,,,,
467,,,,,,,,
468,,,,,,,,
469,,,,,,,,
470,,,,,,,,
471,,,,,,,,
472,,,,,,,,
473,,,,,,,,
474,,,,,,,,
475,Q81230,Siemens,German multinational conglomerate,business,+370000,Siemens,+235000,+75636000000
476,,,,,,,,
477,,,,,,,,
478,,,,,,,,
479,,,,,,,,
480,Q882871,Stadtwerke München,"municipal utility company in Munich, Germany",Stadtwerk,+3577,SWM_Muenchen,+13223,+6300000000
481,,,,,,,,
482,,,,,,,,
483,,,,,,,,
484,,,,,,,,
485,,,,,,,,
486,,,,,,,,
487,,,,,,,,
488,Q101271249,Universitätsklinikum Erlangen Augenklinik,academic department,academic department,,,,
489,,,,,,,,
490,,,,,,,,
491,,,,,,,,
492,Q101839231,Universität zu Lübeck Sektion Medizin,medical school,medical school,,,,
493,Q101406423,Universität Bielefeld Lehrstuhl Anorganische Chemie I,academic department,academic department,,,,
494,Q101837279,Universitätsklinikum Jena Institut für Anatomie I,research institute,research institute,,,,
495,Q54096,University of Cologne,university in Germany,public university,,UniCologne,+42686,
496,,,,,,,,
497,,,,,,,,
498,,,,,,,,
499,,,,,,,,
500,,,,,,,,
501,,,,,,,,
502,Q884111,University of Applied Sciences in Saarbrücken,,university of applied sciences,,htw,+1703,
503,,,,,,,,
504,Q101834678,Universität Kassel Institut für Physik,research institute,research institute,,,,
505,,,,,,,,
506,,,,,,,,
507,,,,,,,,
508,,,,,,,,
509,,,,,,,,
510,Q40025,University of Erlangen-Nuremberg,"public research university in the cities of Erlangen and Nuremberg in Bavaria, Germany",public research university,,UniFAU,+8271,
511,,,,,,,,
512,,,,,,,,
513,,,,,,,,
514,,,,,,,,
515,,,,,,,,
516,,,,,,,,
517,,,,,,,,
518,,,,,,,,
519,,,,,,,,
520,,,,,,,,
521,,,,,,,,
522,,,,,,,,
523,,,,,,,,
524,,,,,,,,
525,Q2348701,Stifterverband für die Deutsche Wissenschaft,,charitable organization,,stifterverband,+10807,
526,,,,,,,,
527,,,,,,,,
528,,,,,,,,
529,,,,,,,,
530,,,,,,,,
531,,,,,,,,
532,,,,,,,,
533,,,,,,,,
534,Q101839231,Universität zu Lübeck Sektion Medizin,medical school,medical school,,,,
535,Q122453,University of Stuttgart,German public university,public university,,Uni_Stuttgart,+9878,
536,Q101839231,Universität zu Lübeck Sektion Medizin,medical school,medical school,,,,
537,Q101834003,Universität Duisburg-Essen Medizinische Fakultät,medical school,medical school,,,,
538,,,,,,,,
539,,,,,,,,
540,,,,,,,,
541,Q338825,Accenture,"multinational management consulting, technology services and outsourcing company",business,+459000,Accenture,+510508,
542,,,,,,,,
543,,,,,,,,
544,,,,,,,,
545,,,,,,,,
546,Q104218005,Centogene N.V.,biotech company,enterprise,,,,
547,,,,,,,,
548,,,,,,,,
549,,,,,,,,
550,,,,,,,,
551,,,,,,,,
552,,,,,,,,
553,Q101835882,Universität Passau Philosophische Fakultät,academic department,academic department,,,,
554,,,,,,,,
555,,,,,,,,
556,,,,,,,,
557,Q40025,University of Erlangen-Nuremberg,"public research university in the cities of Erlangen and Nuremberg in Bavaria, Germany",public research university,,UniFAU,+8271,
558,,,,,,,,
559,,,,,,,,
560,Q1622071,Aalen University of Applied Sciences,,university of applied sciences,,,,
561,,,,,,,,
562,Q500692,University of Bremen,university in Germany,public university,,unibremen,+8058,
563,Q234021,Robert Bosch GmbH,"German manufacturing company of automotive parts, household appliances, etc.",conglomerate,+400100,BoschGlobal,+253551,+73129000000
564,,,,,,,,
565,Q163566,KUKA,company,business,,KUKA_Press,,
566,,,,,,,,
567,,,,,,,,
568,,,,,,,,
569,,,,,,,,
570,Q108294630,BioVariance GmbH,,business,,,,
571,,,,,,,,
572,,,,,,,,
573,,,,,,,,
574,,,,,,,,
575,,,,,,,,
576,,,,,,,,
577,Q101838687,Universität Ulm Medizinische Fakultät,medical school,medical school,,,,
578,Q101839231,Universität zu Lübeck Sektion Medizin,medical school,medical school,,,,
579,Q156737,University of Kiel,university in Germany,public university,,kieluni,+7569,
580,,,,,,,,
581,,,,,,,,
582,,,,,,,,
583,,,,,,,,
584,,,,,,,,
585,Q40025,University of Erlangen-Nuremberg,"public research university in the cities of Erlangen and Nuremberg in Bavaria, Germany",public research university,,UniFAU,+8271,
586,,,,,,,,
587,,,,,,,,
588,Q101426756,Universität Mannheim Lehrstuhl für Allgemeine Betriebswirtschaftslehre und Betriebswirtschaftliche Steuerlehre,business school,business school,,,,
589,Q101839231,Universität zu Lübeck Sektion Medizin,medical school,medical school,,,,
590,,,,,,,,
591,Q500692,University of Bremen,university in Germany,public university,,unibremen,+8058,
592,Q101380903,Otto-von-Guericke-Universität Magdeburg Medizinische Fakultät,medical school,medical school,,,,
593,,,,,,,,
594,,,,,,,,
595,,,,,,,,
596,,,,,,,,
597,,,,,,,,
598,Q101836462,Universität Siegen Department Physik,academic department,academic department,,,,
599,,,,,,,,
600,,,,,,,,
601,Q101835971,Universität Rostock Historisches Institut,research institute,research institute,,,,
602,,,,,,,,
603,Q40025,University of Erlangen-Nuremberg,"public research university in the cities of Erlangen and Nuremberg in Bavaria, Germany",public research university,,UniFAU,+8271,
604,,,,,,,,
605,,,,,,,,
606,,,,,,,,
607,,,,,,,,
608,Q878592,Helmholtz Zentrum München,German medical research institute,research institute,+2293,,,
609,,,,,,,,
610,,,,,,,,
611,,,,,,,,
612,,,,,,,,
613,,,,,,,,
614,Q101836695,Universitätsklinikum Essen Institut für Humangenetik,research institute,research institute,,,,
615,,,,,,,,
616,Q700758,Saarland University,university,public university,,Saar_Uni,+3631,
617,Q101835971,Universität Rostock Historisches Institut,research institute,research institute,,,,
618,,,,,,,,
619,,,,,,,,
620,,,,,,,,
621,Q1052186,Cewe Stiftung & Co. KGaA,,Stiftung & Co. KGaA,+3219,cewefotobuch,+1403,
622,,,,,,,,
623,Q38357810,"Max-Planck-Institut für Molekulare Genetik, Abteilung Wittmann, Berlin-Dahlem, GFR.",scientific article,scholarly article,,,,
624,,,,,,,,
625,,,,,,,,
626,Q81230,Siemens,German multinational conglomerate,business,+370000,Siemens,+235000,+75636000000
627,Q40025,University of Erlangen-Nuremberg,"public research university in the cities of Erlangen and Nuremberg in Bavaria, Germany",public research university,,UniFAU,+8271,
628,Q40025,University of Erlangen-Nuremberg,"public research university in the cities of Erlangen and Nuremberg in Bavaria, Germany",public research university,,UniFAU,+8271,
629,,,,,,,,
630,,,,,,,,
631,Q1391181,Bielefeld University of Applied Sciences,second largest education institution in Bielefeld,university of applied sciences,,,,
632,,,,,,,,
633,,,,,,,,
634,,,,,,,,
635,,,,,,,,
636,Q101834678,Universität Kassel Institut für Physik,research institute,research institute,,,,
637,,,,,,,,
638,,,,,,,,
639,,,,,,,,
640,,,,,,,,
641,,,,,,,,
642,,,,,,,,
643,Q101381074,Philipps-Universitat Marburg Fachbereich Medizin,medical school,medical school,,,,
644,,,,,,,,
645,,,,,,,,
646,,,,,,,,
647,,,,,,,,
648,,,,,,,,
649,,,,,,,,
650,Q101388362,Universität Hohenheim Fakultät Agrarwissenschaften,academic department,academic department,,,,
651,Q309948,Ruhr University Bochum,university in Germany,public university,,ruhrunibochum,+18615,
652,,,,,,,,
653,,,,,,,,
654,,,,,,,,
655,,,,,,,,
656,,,,,,,,
657,,,,,,,,
658,Q5422587,EyeEm,German technology company,website,,,,
659,,,,,,,,
660,,,,,,,,
661,,,,,,,,
662,,,,,,,,
663,,,,,,,,
664,,,,,,,,
665,,,,,,,,
666,,,,,,,,
667,Q311394,Infineon Technologies,German high-tech company,commercial organization,+36299,Infineon,+16600,+8567000000
668,,,,,,,,
669,Q447354,Clausthal University of Technology,university,public university,,,,
670,Q338825,Accenture,"multinational management consulting, technology services and outsourcing company",business,+459000,Accenture,+510508,
671,Q552581,SAP SE,German software producer,software company,+66500,SAP,,+23400000000
672,,,,,,,,
673,Q685557,TU Dortmund,university in Dortmund,institute of technology,,TU_Dortmund,+13599,
674,,,,,,,,
675,,,,,,,,
676,,,,,,,,
677,,,,,,,,
678,,,,,,,,
679,,,,,,,,
680,,,,,,,,
681,,,,,,,,
682,Q40025,University of Erlangen-Nuremberg,"public research university in the cities of Erlangen and Nuremberg in Bavaria, Germany",public research university,,UniFAU,+8271,
683,,,,,,,,
684,,,,,,,,
685,,,,,,,,
686,Q129195,Technische Universität Ilmenau,university,public university,,,,
687,,,,,,,,
688,,,,,,,,
689,,,,,,,,
690,,,,,,,,
691,,,,,,,,
692,Q152171,University of Bonn,"public research university located in Bonn, Germany",public research university,,unibonn,+18780,
693,Q472451,Siemens Healthineers,German company,business,,siemenshealth,+75996,
694,,,,,,,,
695,,,,,,,,
696,,,,,,,,
697,,,,,,,,
698,,,,,,,,
699,,,,,,,,
700,,,,,,,,
701,,,,,,,,
702,,,,,,,,
703,,,,,,,,
704,,,,,,,,
705,,,,,,,,
706,,,,,,,,
707,Q56216980,Robotron Datenbank-Software GmbH,"german computer technology corporation in Dresden, Saxony, Germany",enterprise,+526,robotron_dd,,
708,Q1727709,Thüga,regional utility company in Germany,business,,,,
709,Q157808,Technical University of Munich,public research university in Germany,institute of technology,+9595,TU_Muenchen,+33505,
710,,,,,,,,
711,Q877058,Sick,German company,business,,SICK_USA,+4795,
712,,,,,,,,
713,,,,,,,,
714,,,,,,,,
715,,,,,,,,
716,,,,,,,,
717,Q101262627,Goethe-Universität Frankfurt am Main Fachbereich 14 Biochemie Chemie und Pharmazie,academic department,academic department,,,,
718,Q104218005,Centogene N.V.,biotech company,enterprise,,,,
719,,,,,,,,
720,Q27530,Daimler AG,German automotive manufacturer,automobile manufacturer,+274616,Daimler,+69798,+149467000000
721,,,,,,,,
722,,,,,,,,
723,Q488048,PricewaterhouseCoopers,professional services networks,professional services network,+195000,PwCUS,+169950,+41300000000
724,,,,,,,,
725,,,,,,,,
726,,,,,,,,
727,,,,,,,,
728,Q101271249,Universitätsklinikum Erlangen Augenklinik,academic department,academic department,,,,
729,,,,,,,,
730,,,,,,,,
731,,,,,,,,
732,,,,,,,,
733,,,,,,,,
734,,,,,,,,
735,,,,,,,,
736,,,,,,,,
737,,,,,,,,
738,,,,,,,,
739,,,,,,,,
740,Q1391231,Hochschule Stralsund,University of Applied Sciences in Germany,university of applied sciences,+240,HS_Stralsund,,
741,,,,,,,,
742,,,,,,,,
743,,,,,,,,
744,,,,,,,,
745,,,,,,,,
746,,,,,,,,
747,,,,,,,,
748,,,,,,,,
749,,,,,,,,
750,Q1290544,Helmholtz-Zentrum Geesthacht Centre for Materials and Coastal Research,"research institution in Geesthacht, Germany",research institute,,,,
751,Q40025,University of Erlangen-Nuremberg,"public research university in the cities of Erlangen and Nuremberg in Bavaria, Germany",public research university,,UniFAU,+8271,
752,,,,,,,,
753,,,,,,,,
754,,,,,,,,
755,Q797059,BTC AG,company,business,,,,
756,,,,,,,,
757,Q129195,Technische Universität Ilmenau,university,public university,,,,
758,Q40025,University of Erlangen-Nuremberg,"public research university in the cities of Erlangen and Nuremberg in Bavaria, Germany",public research university,,UniFAU,+8271,
759,,,,,,,,
760,Q101835971,Universität Rostock Historisches Institut,research institute,research institute,,,,
761,,,,,,,,
762,Q310695,Technische Universität Darmstadt,university,public university,,TUDarmstadt,+8763,
763,,,,,,,,
764,,,,,,,,
765,,,,,,,,
766,Q472451,Siemens Healthineers,German company,business,,siemenshealth,+75996,
767,Q202952,Hochschule Mittweida,hochschule,university of applied sciences,,,,
768,Q129195,Technische Universität Ilmenau,university,public university,,,,
769,,,,,,,,
770,,,,,,,,
771,Q163566,KUKA,company,business,,KUKA_Press,,
772,Q129195,Technische Universität Ilmenau,university,public university,,,,
773,,,,,,,,
774,,,,,,,,
775,,,,,,,,
776,,,,,,,,
777,,,,,,,,
778,Q156737,University of Kiel,university in Germany,public university,,kieluni,+7569,
779,Q567371,Software AG,German software producer,software company,,SoftwareAG,+34716,
780,,,,,,,,
781,,,,,,,,
782,Q55672319,Maïotte Dauphite,,human,,,,
783,,,,,,,,
784,,,,,,,,
785,,,,,,,,
786,Q224514,Hochschule Hannover,German university of applied sciences and arts,university of applied sciences,,,,
787,,,,,,,,
788,,,,,,,,
789,,,,,,,,
790,,,,,,,,
791,,,,,,,,
792,,,,,,,,
793,,,,,,,,
794,,,,,,,,
795,,,,,,,,
796,,,,,,,,
797,,,,,,,,
798,,,,,,,,
799,Q101375785,Leibniz Universität Hannover Institut für Erdmessung,research institute,research institute,,,,
800,,,,,,,,
801,,,,,,,,
802,,,,,,,,
803,,,,,,,,
804,,,,,,,,
805,,,,,,,,
806,,,,,,,,
807,,,,,,,,
808,Q311394,Infineon Technologies,German high-tech company,commercial organization,+36299,Infineon,+16600,+8567000000
809,,,,,,,,
810,,,,,,,,
811,,,,,,,,
812,,,,,,,,
813,,,,,,,,
814,Q552581,SAP SE,German software producer,software company,+66500,SAP,,+23400000000
815,,,,,,,,
816,,,,,,,,
817,,,,,,,,
818,Q310695,Technische Universität Darmstadt,university,public university,,TUDarmstadt,+8763,
819,,,,,,,,
820,,,,,,,,
821,,,,,,,,
822,,,,,,,,
823,,,,,,,,
824,Q101375785,Leibniz Universität Hannover Institut für Erdmessung,research institute,research institute,,,,
825,,,,,,,,
826,,,,,,,,
827,,,,,,,,
828,Q1391231,Hochschule Stralsund,University of Applied Sciences in Germany,university of applied sciences,+240,HS_Stralsund,,
829,Q310695,Technische Universität Darmstadt,university,public university,,TUDarmstadt,+8763,
830,Q40025,University of Erlangen-Nuremberg,"public research university in the cities of Erlangen and Nuremberg in Bavaria, Germany",public research university,,UniFAU,+8271,
831,,,,,,,,
832,Q2124721,Innogy,German energy company,energy company,,innogy,+7961,
833,,,,,,,,
834,,,,,,,,
835,,,,,,,,
836,,,,,,,,
837,,,,,,,,
838,,,,,,,,
839,,,,,,,,
840,,,,,,,,
841,,,,,,,,
842,,,,,,,,
843,,,,,,,,
844,,,,,,,,
845,Q51985,Technical University of Berlin,"public research university in Berlin, Germany",public research university,+8428,TUBerlin,+17526,
846,,,,,,,,
847,,,,,,,,
848,,,,,,,,
849,,,,,,,,
850,Q20313071,AIUI,Wiktionary redirect,Wiktionary redirect,,,,
851,,,,,,,,
852,,,,,,,,
853,,,,,,,,
854,,,,,,,,
855,,,,,,,,
856,,,,,,,,
857,,,,,,,,
858,,,,,,,,
859,,,,,,,,
860,,,,,,,,
861,,,,,,,,
862,,,,,,,,
863,,,,,,,,
864,,,,,,,,
865,,,,,,,,
866,,,,,,,,
867,,,,,,,,
868,,,,,,,,
869,Q129195,Technische Universität Ilmenau,university,public university,,,,
870,Q152171,University of Bonn,"public research university located in Bonn, Germany",public research university,,unibonn,+18780,
871,,,,,,,,
872,,,,,,,,
873,,,,,,,,
874,,,,,,,,
875,,,,,,,,
876,,,,,,,,
877,,,,,,,,
878,,,,,,,,
879,,,,,,,,
880,,,,,,,,
881,,,,,,,,
882,,,,,,,,
883,,,,,,,,
884,,,,,,,,
885,,,,,,,,
886,,,,,,,,
887,,,,,,,,
888,Q51985,Technical University of Berlin,"public research university in Berlin, Germany",public research university,+8428,TUBerlin,+17526,
889,Q51985,Technical University of Berlin,"public research university in Berlin, Germany",public research university,+8428,TUBerlin,+17526,
890,,,,,,,,
891,,,,,,,,
892,,,,,,,,
893,,,,,,,,
894,,,,,,,,
895,,,,,,,,
896,,,,,,,,
897,,,,,,,,
898,,,,,,,,
899,,,,,,,,
900,,,,,,,,
901,Q273263,RWTH Aachen University,"university in Aachen, Germany",public university,,,,
902,Q2401561,Telefónica Deutschland,German telecommunications company,Aktiengesellschaft,,,,
903,,,,,,,,
904,,,,,,,,
905,,,,,,,,
906,,,,,,,,
907,,,,,,,,
908,Q1711557,Landesbetrieb Verkehr,,transport company,,,,
909,,,,,,,,
910,,,,,,,,
911,,,,,,,,
912,Q40025,University of Erlangen-Nuremberg,"public research university in the cities of Erlangen and Nuremberg in Bavaria, Germany",public research university,,UniFAU,+8271,
913,,,,,,,,
914,,,,,,,,
915,,,,,,,,
916,Q81230,Siemens,German multinational conglomerate,business,+370000,Siemens,+235000,+75636000000
917,,,,,,,,
918,,,,,,,,
919,,,,,,,,
920,,,,,,,,
921,,,,,,,,
922,,,,,,,,
923,,,,,,,,
924,,,,,,,,
925,,,,,,,,
926,,,,,,,,
927,Q101379797,Otto-Friedrich-Universität Bamberg Institut für Katholische Theologie,research institute,research institute,,,,
928,Q894374,Bosch Sicherheitssysteme,company,business,,,,
929,,,,,,,,
930,Q15822352,KPS AG,,public company,,,,
931,,,,,,,,
932,,,,,,,,
933,Q163241,Continental AG,German company in the automotive supplier industry,automotive supplier,+220137,ContiUK,+8140,+40549500000
934,,,,,,,,
935,,,,,,,,
936,,,,,,,,
937,Q101833288,Universität Augsburg Wirtschaftswissenschaftliche Fakultät,academic department,academic department,,,,
938,,,,,,,,
939,,,,,,,,
940,,,,,,,,
941,,,,,,,,
942,,,,,,,,
943,,,,,,,,
944,,,,,,,,
945,,,,,,,,
946,,,,,,,,
947,,,,,,,,
948,Q153006,Freie Universität Berlin,"public research university in Berlin, Germany",public research university,+4200,FU_Berlin,+21541,
949,Q40025,University of Erlangen-Nuremberg,"public research university in the cities of Erlangen and Nuremberg in Bavaria, Germany",public research university,,UniFAU,+8271,
950,Q830810,Premium AEROTEC,company,business,+8000,premium_aerotec,,
951,,,,,,,,
952,Q488048,PricewaterhouseCoopers,professional services networks,professional services network,+195000,PwCUS,+169950,+41300000000
953,,,,,,,,
954,,,,,,,,
955,Q2025693,Open Grid Europe,,business,,,,
956,,,,,,,,
957,,,,,,,,
958,,,,,,,,
959,Q552581,SAP SE,German software producer,software company,+66500,SAP,,+23400000000
960,,,,,,,,
961,,,,,,,,
962,,,,,,,,
963,,,,,,,,
964,,,,,,,,
965,,,,,,,,
966,Q338825,Accenture,"multinational management consulting, technology services and outsourcing company",business,+459000,Accenture,+510508,
967,,,,,,,,
968,,,,,,,,
969,,,,,,,,
970,,,,,,,,
971,,,,,,,,
972,Q59423676,Konux,internet of things start up company (e. 2014),enterprise,,,,
973,,,,,,,,
974,,,,,,,,
975,,,,,,,,
